{
  "threshold": 0.7508,
  "precision": 0.5666675079501288,
  "recall": 0.9905806053119209,
  "f1": 0.7209253788851786,
  "FPR": 0.9280810810810811,
  "roc_auc": 0.33699189821163267,
  "confusion": {
    "tn": 2661,
    "fp": 34339,
    "fn": 427,
    "tp": 44905
  }
}